id,genres
ts21930,scifi
ts21930,animation
ts21930,action
ts21930,comedy
ts21930,crime
ts25177,scifi
ts25177,war
ts25177,animation
ts25177,action
ts25177,drama
ts25177,fantasy
ts35087,scifi
ts35087,action
ts35087,drama
ts35087,animation
ts82387,scifi
ts82387,animation
ts82387,action
ts82387,comedy
ts82387,crime
ts82387,fantasy
ts2846,drama
ts2846,action
ts2846,scifi
ts2846,animation
ts32935,action
ts32935,scifi
ts32935,animation
ts32935,drama
ts32935,fantasy
ts32687,action
ts32687,animation
ts32687,family
ts53300,animation
ts53300,romance
ts53300,family
ts53300,fantasy
ts4889,animation
ts4889,action
ts4889,family
ts18639,scifi
ts18639,action
ts18639,animation
ts12564,scifi
ts12564,action
ts12564,animation
ts20740,scifi
ts20740,action
ts20740,animation
ts20740,comedy
ts20740,fantasy
ts20740,thriller
ts20740,drama
ts21560,scifi
ts21560,thriller
ts21560,animation
ts21560,action
ts21560,comedy
ts21560,fantasy
ts14127,scifi
ts14127,action
ts14127,animation
ts14127,drama
ts29377,action
ts29377,thriller
ts29377,scifi
ts42463,action
ts42463,family
ts42463,fantasy
ts42463,scifi
ts42463,animation
ts42463,comedy
ts46776,scifi
ts46776,action
ts46776,animation
ts46776,drama
ts77258,animation
ts77258,comedy
ts77258,action
ts29400,scifi
ts29400,animation
ts29400,drama
ts29400,fantasy
ts29400,romance
ts29400,comedy
ts12311,action
ts12311,drama
ts12311,crime
ts12311,romance
ts12311,animation
ts12311,comedy
ts80937,scifi
ts80937,action
ts12843,scifi
ts12843,animation
ts12843,action
ts12843,drama
ts56937,animation
ts66982,scifi
ts66982,action
ts66982,animation
ts68963,animation
ts68963,comedy
ts37484,animation
ts37484,comedy
ts28402,animation
ts88585,scifi
ts88585,action
ts40897,animation
ts40897,action
ts40897,scifi
ts18589,action
ts18589,animation
ts18589,scifi
ts22544,animation
ts22544,action
ts22544,scifi
ts20339,action
ts20339,comedy
ts20339,animation
ts20339,drama
ts20339,fantasy
ts34435,western
ts34435,action
ts34435,scifi
ts34435,thriller
ts34435,animation
ts34435,comedy
ts34435,drama
ts724,scifi
ts724,comedy
ts724,drama
ts724,fantasy
ts724,animation
ts724,action
ts28078,scifi
ts28078,action
ts28078,comedy
ts28078,drama
ts28078,fantasy
ts28078,romance
ts28078,animation
ts29358,scifi
ts29358,animation
ts29358,thriller
ts29358,comedy
ts29358,horror
ts25252,scifi
ts25252,action
ts25252,family
ts25252,fantasy
ts25252,animation
ts25252,comedy
ts25252,drama
ts21034,action
ts21034,comedy
ts21034,scifi
ts21034,animation
ts21034,drama
ts21034,fantasy
ts21034,romance
ts28998,scifi
ts28998,drama
ts28998,romance
ts28998,animation
ts28998,action
ts34554,action
ts34554,fantasy
ts34554,animation
ts34554,comedy
ts34554,romance
ts34554,drama
ts34554,history
ts34554,thriller
ts10145,animation
ts10145,thriller
ts10145,comedy
ts10145,crime
ts10145,romance
ts10145,action
ts10145,drama
ts28125,comedy
ts28125,drama
ts28125,action
ts28125,animation
ts28125,sport
ts4242,action
ts4242,scifi
ts4242,thriller
ts4242,animation
ts4242,comedy
ts4242,fantasy
ts26215,action
ts26215,scifi
ts26215,drama
ts26215,fantasy
ts26215,romance
ts26215,animation
ts26215,comedy
ts21278,scifi
ts21278,fantasy
ts21278,romance
ts21278,thriller
ts21278,animation
ts21278,comedy
ts21278,drama
ts30730,scifi
ts22286,scifi
ts22286,comedy
ts22286,drama
ts22286,family
ts22286,fantasy
ts22286,romance
ts22286,animation
ts22286,action
ts28824,action
ts28824,drama
ts28824,animation
ts28824,comedy
ts28824,fantasy
ts28824,scifi
ts30820,animation
ts30820,comedy
ts30820,drama
ts30820,sport
ts87210,scifi
ts87210,animation
ts87210,action
ts87210,drama
ts848,drama
ts848,animation
ts848,comedy
ts848,romance
ts53340,scifi
ts53340,action
ts53340,animation
ts53340,comedy
ts53340,drama
ts53340,romance
ts53340,fantasy
ts28167,animation
ts28167,scifi
ts28167,drama
ts28167,romance
ts28167,action
ts28167,comedy
ts6051,animation
ts6051,thriller
ts6051,drama
ts6051,horror
ts12825,scifi
ts12825,animation
ts12825,action
ts75847,western
ts75847,animation
ts75847,action
ts10963,action
ts10963,comedy
ts10963,fantasy
ts10963,romance
ts10963,animation
ts28574,drama
ts28574,comedy
ts28574,music
ts28574,romance
ts28574,animation
ts3077,scifi
ts3077,action
ts3077,drama
ts3077,fantasy
ts3077,horror
ts3077,romance
ts3077,animation
ts3077,comedy
ts62420,action
ts62420,scifi
ts62420,drama
ts62420,thriller
ts62420,animation
ts62420,crime
ts25067,scifi
ts25067,drama
ts25067,animation
ts25067,action
ts447,animation
ts447,music
ts447,scifi
ts447,action
ts447,comedy
ts64,action
ts64,scifi
ts64,fantasy
ts64,horror
ts64,romance
ts64,drama
ts64,comedy
ts64,animation
ts31067,action
ts31067,comedy
ts31067,drama
ts31067,family
ts31067,fantasy
ts31067,animation
ts43499,animation
ts43499,action
ts655,scifi
ts51294,scifi
ts51294,comedy
ts51294,fantasy
ts51294,animation
ts51294,action
ts44887,drama
ts44887,crime
ts44887,comedy
ts44887,romance
ts44887,animation
ts33070,animation
ts33070,romance
ts33070,fantasy
ts76736,action
ts76736,scifi
ts76736,animation
ts76736,fantasy
ts42574,action
ts42574,scifi
ts42574,animation
ts42574,drama
ts42574,fantasy
ts6317,action
ts6317,drama
ts6317,scifi
ts6317,animation
ts6317,comedy
ts43291,scifi
ts43291,animation
ts43291,comedy
ts43291,romance
ts43291,fantasy
ts34299,scifi
ts34299,animation
ts34299,comedy
ts34299,drama
ts25474,family
ts31051,scifi
ts31051,animation
ts31051,action
ts31051,comedy
ts13335,scifi
ts13335,romance
ts13335,animation
ts13335,comedy
ts13335,drama
ts13335,action
ts27163,scifi
ts30997,animation
ts30997,comedy
ts30997,fantasy
ts30997,action
ts87877,animation
ts87877,action
ts87877,scifi
ts40280,drama
ts40280,romance
ts40280,sport
ts40280,animation
ts40280,family
ts2961,drama
ts2961,animation
ts2961,action
ts2961,scifi
ts21482,scifi
ts21482,action
ts21482,animation
ts21482,comedy
ts21482,drama
ts21482,fantasy
ts22069,scifi
ts22069,action
ts22069,animation
ts22069,comedy
ts22069,drama
ts22069,fantasy
ts11313,scifi
ts11313,animation
ts11313,crime
ts11313,drama
ts11313,fantasy
ts11313,thriller
ts20305,scifi
ts20305,comedy
ts20305,animation
ts20305,action
ts20305,fantasy
ts20305,thriller
ts15151,scifi
ts15151,action
ts15151,animation
ts15151,fantasy
ts15151,thriller
ts15151,comedy
ts15151,drama
ts15151,horror
ts31799,action
ts31799,drama
ts31799,thriller
ts31799,animation
ts31799,comedy
ts20513,scifi
ts20513,animation
ts20513,comedy
ts20513,action
ts20513,fantasy
ts35155,scifi
ts35155,action
ts35155,comedy
ts35155,drama
ts35155,animation
ts26050,scifi
ts26050,action
ts26050,drama
ts26050,thriller
ts26050,animation
ts26050,fantasy
ts26050,horror
ts29406,action
ts29406,comedy
ts29406,scifi
ts29406,animation
ts20548,comedy
ts20548,drama
ts20548,animation
ts20548,thriller
ts20548,action
ts20548,scifi
ts20548,fantasy
ts20548,romance
ts22017,action
ts22017,drama
ts22017,scifi
ts22017,animation
ts26322,animation
ts26322,romance
ts26322,comedy
ts26322,drama
ts47142,scifi
ts47142,animation
ts47142,action
ts47142,comedy
ts47142,fantasy
ts29252,scifi
ts29252,animation
ts29252,comedy
ts29252,romance
ts31455,action
ts31455,family
ts31455,fantasy
ts31455,scifi
ts31455,animation
ts24199,action
ts24199,scifi
ts24199,drama
ts24199,war
ts24199,animation
ts20308,scifi
ts20308,comedy
ts20308,romance
ts20308,animation
ts20308,action
ts53585,animation
ts53585,drama
ts53585,thriller
ts53585,comedy
ts53585,fantasy
ts53585,horror
ts42441,animation
ts42441,action
ts42441,comedy
ts42441,crime
ts42441,thriller
ts30083,scifi
ts30083,action
ts30083,comedy
ts30083,drama
ts30083,fantasy
ts30083,animation
ts12930,animation
ts12930,thriller
ts12930,action
ts12930,family
ts12930,fantasy
ts20593,action
ts20593,animation
ts20593,comedy
ts20593,romance
ts32478,drama
ts32478,animation
ts32478,action
ts32478,thriller
ts20544,comedy
ts20544,drama
ts20544,animation
ts20544,romance
ts40775,drama
ts40775,animation
ts40775,romance
ts40775,comedy
ts26449,scifi
ts26449,comedy
ts26449,drama
ts26449,fantasy
ts26449,romance
ts26449,animation
ts26449,action
ts52881,comedy
ts52881,animation
ts52881,drama
ts52881,music
ts52881,romance
ts31181,animation
ts31181,romance
ts31181,comedy
ts31181,drama
ts31181,fantasy
ts29076,action
ts29076,animation
ts29076,comedy
ts29076,fantasy
ts17906,comedy
ts17906,scifi
ts17906,action
ts17906,fantasy
ts17906,animation
ts30079,comedy
ts30079,animation
ts30079,drama
ts30079,romance
ts33291,scifi
ts33291,action
ts33291,animation
ts33291,fantasy
ts1401,animation
ts1401,comedy
ts33198,drama
ts33198,romance
ts33198,thriller
ts33198,animation
ts23967,drama
ts23967,scifi
ts23967,animation
ts23967,fantasy
ts27365,scifi
ts27365,romance
ts27365,animation
ts27365,comedy
ts27365,fantasy
ts36105,scifi
ts36105,animation
ts36105,comedy
ts36105,family
ts44317,scifi
ts44317,animation
ts44317,drama
ts44317,thriller
ts31990,comedy
ts31990,animation
ts30146,comedy
ts30146,romance
ts26428,scifi
ts26428,fantasy
ts26428,animation
ts26428,action
ts32450,comedy
ts32450,sport
ts32450,animation
ts32450,action
ts12816,drama
ts12816,comedy
ts12816,sport
ts12816,animation
ts35960,action
ts35960,drama
ts35960,romance
ts35960,animation
ts35960,comedy
ts16399,scifi
ts16399,animation
ts16399,action
ts16399,comedy
ts16399,drama
ts16399,fantasy
ts19187,animation
ts19187,comedy
ts19187,family
ts21539,action
ts21539,animation
ts21539,family
ts21539,fantasy
tm176185,drama
tm176185,animation
tm176185,action
tm176185,fantasy
ts30449,action
ts30449,drama
ts30449,scifi
ts30449,animation
ts30449,history
ts25765,scifi
ts25765,romance
ts25765,animation
ts25765,action
ts25765,drama
ts25765,fantasy
ts25765,horror
ts32519,action
ts32519,fantasy
ts32519,animation
ts32519,comedy
ts32519,drama
ts32519,family
ts33980,animation
ts33980,comedy
ts33980,romance
ts177522,action
ts177522,comedy
ts177522,romance
ts177522,animation
ts1152,drama
ts1152,animation
ts1152,history
ts1152,romance
ts41553,scifi
ts41553,fantasy
ts41553,sport
ts41553,animation
ts41553,drama
ts22020,animation
ts22020,comedy
ts22020,family
ts22020,fantasy
ts22020,romance
ts33072,scifi
ts33072,war
ts33072,animation
ts33072,action
ts33072,drama
ts24483,action
ts24483,animation
ts24483,fantasy
ts9686,comedy
ts9686,animation
ts9686,fantasy
ts9686,romance
ts21852,animation
ts21852,action
ts21852,comedy
ts21852,scifi
ts29956,scifi
ts29956,animation
ts29956,comedy
ts29956,romance
ts16771,comedy
ts16771,drama
ts16771,animation
ts16771,sport
ts27189,comedy
ts27189,drama
ts27189,romance
ts27189,animation
ts26444,scifi
ts26444,animation
ts30502,animation
ts30502,drama
ts30502,fantasy
ts30502,comedy
ts24467,drama
ts24467,animation
ts24467,romance
ts80216,animation
ts80216,scifi
ts42557,animation
ts42557,drama
ts42557,romance
ts42557,comedy
ts53132,scifi
ts53132,action
ts53132,animation
ts53132,comedy
ts53132,drama
ts53132,fantasy
ts28698,action
ts28698,fantasy
ts28698,animation
ts28698,comedy
ts6355,scifi
ts36530,action
ts36530,animation
ts36530,scifi
ts26931,animation
ts26931,comedy
ts26931,drama
ts26931,romance
ts31511,action
ts31511,thriller
ts31511,drama
ts31511,animation
ts31511,reality
ts2718,scifi
ts2718,animation
ts2718,action
ts11645,comedy
ts11645,animation
ts11645,romance
ts39260,comedy
ts39260,animation
ts27114,scifi
ts27114,animation
ts27114,drama
ts27114,romance
ts39338,action
ts39338,scifi
ts39338,animation
ts39338,drama
ts35033,comedy
ts35033,animation
ts35033,fantasy
ts35033,romance
ts56437,comedy
ts56437,drama
ts56437,romance
ts56437,scifi
ts56437,animation
ts56437,action
ts23830,scifi
ts23830,animation
ts23830,drama
ts23830,fantasy
ts60873,action
ts60873,comedy
ts60873,fantasy
ts60873,horror
ts60873,animation
ts57877,scifi
ts5606,comedy
ts5606,drama
ts5606,scifi
ts5606,animation
ts5606,family
ts5606,fantasy
ts33495,animation
ts33495,action
ts33495,fantasy
ts33495,scifi
ts47460,scifi
ts47460,animation
ts47460,drama
ts26155,animation
ts26155,drama
ts26155,romance
ts78793,animation
ts30503,action
ts30503,scifi
ts30503,animation
ts25824,comedy
ts25824,romance
ts25824,animation
ts24421,drama
ts24421,animation
ts24421,action
ts24421,fantasy
ts41034,scifi
ts41111,drama
ts41111,animation
ts41111,romance
ts24469,comedy
ts24469,animation
ts24469,drama
ts72541,comedy
ts72541,animation
ts72541,action
ts83895,animation
ts83895,scifi
ts83895,romance
ts83895,action
ts83895,comedy
ts24532,comedy
ts24532,drama
ts24532,romance
ts24532,scifi
ts24532,animation
ts34617,scifi
ts34617,animation
ts34617,action
ts34617,drama
ts34617,horror
ts30496,action
ts30496,romance
ts30496,scifi
ts30496,animation
ts63557,animation
ts63557,fantasy
ts33241,scifi
ts33241,animation
ts33241,family
ts33241,european
ts11581,drama
ts11581,comedy
ts11581,romance
ts11581,scifi
ts11581,animation
ts25464,scifi
ts25464,comedy
ts25464,fantasy
ts25464,romance
ts25464,animation
ts25680,scifi
ts25680,romance
ts25680,animation
ts25680,action
ts25680,comedy
ts25680,fantasy
ts35062,comedy
ts35062,animation
ts35062,romance
ts35062,action
ts35062,drama
ts4142,action
ts4142,animation
ts4142,fantasy
ts47193,animation
ts47193,romance
ts47193,comedy
ts47193,fantasy
ts44050,comedy
ts44050,drama
ts44050,romance
ts44050,scifi
ts44050,animation
ts55248,comedy
ts55248,drama
ts55248,animation
ts12740,animation
ts12740,action
ts12740,drama
ts12740,fantasy
ts37736,action
ts57758,comedy
ts57758,animation
ts57758,drama
ts32189,action
ts32189,animation
ts32189,comedy
ts32189,romance
ts32189,scifi
ts32848,action
ts32848,animation
ts32848,fantasy
ts26720,animation
ts26720,action
ts26720,fantasy
ts26720,history
ts26720,drama
ts26720,comedy
ts26720,romance
ts26720,war
ts57008,scifi
ts57008,fantasy
ts57008,animation
ts57008,action
ts57008,drama
ts45590,animation
ts45590,fantasy
ts45590,romance
ts85831,drama
ts85831,romance
ts85831,animation
ts85831,comedy
ts40788,scifi
ts40788,animation
ts40788,action
ts40788,fantasy
ts40788,romance
ts23568,drama
ts23568,romance
ts23568,animation
ts30037,comedy
ts30037,animation
ts30037,drama
ts9567,scifi
ts9567,action
ts9567,fantasy
ts9567,romance
ts9567,animation
ts31545,animation
ts43417,animation
ts43417,action
ts43417,scifi
ts34154,drama
ts34154,romance
ts34154,animation
ts178815,fantasy
ts178815,animation
ts178815,comedy
ts73071,scifi
ts73071,animation
ts73071,fantasy
ts3358,action
ts3358,animation
ts3358,comedy
ts3358,sport
ts23150,scifi
ts23150,comedy
ts23150,drama
ts23150,animation
ts23150,action
ts38342,animation
ts38342,comedy
ts25979,animation
ts25979,comedy
ts45825,animation
ts45825,drama
ts45825,family
ts45825,fantasy
ts45825,comedy
ts30252,animation
ts23469,animation
ts23469,drama
ts23469,romance
ts29705,action
ts29888,scifi
ts29888,animation
ts29888,comedy
ts29888,drama
ts29888,music
ts9999,animation
ts9999,comedy
ts60066,animation
ts60066,comedy
ts60066,drama
ts60066,romance
ts60066,scifi
ts4514,drama
ts4514,comedy
ts4514,music
ts4514,animation
ts17411,scifi
ts15147,action
ts15147,animation
ts15147,scifi
ts15147,thriller
ts27188,animation
ts27188,comedy
ts27188,drama
ts27188,sport
ts27188,action
ts55976,comedy
ts55976,fantasy
ts55976,romance
ts55976,animation
ts55976,family
ts43162,comedy
ts43162,scifi
ts43162,action
ts43162,animation
ts189307,comedy
ts189307,drama
ts189307,romance
ts189307,animation
ts64924,animation
ts23504,comedy
ts27409,drama
ts27409,animation
ts27409,romance
ts27245,comedy
ts27245,animation
ts27245,drama
ts27245,fantasy
ts27245,romance
ts23918,animation
ts17078,drama
ts17078,comedy
ts17078,animation
ts28370,action
ts28370,scifi
ts28370,comedy
ts28370,animation
ts28370,fantasy
ts186502,scifi
ts186502,animation
ts38184,scifi
ts38184,animation
ts38184,action
ts38184,comedy
ts38184,fantasy
ts26242,drama
ts26242,animation
ts184925,animation
ts184925,fantasy
ts184925,action
ts34883,drama
ts34883,animation
ts34883,romance
ts80610,action
ts80610,fantasy
ts80610,romance
ts80610,animation
ts80610,comedy
ts80610,drama
ts32835,drama
ts32835,action
ts32835,comedy
ts32835,crime
ts32835,animation
ts32835,documentation
ts32835,family
ts32835,fantasy
ts20433,action
ts20433,scifi
ts20433,drama
ts20433,fantasy
ts20433,horror
ts20433,thriller
ts20433,animation
ts20433,comedy
ts22244,scifi
ts22244,comedy
ts22244,drama
ts22244,romance
ts22244,thriller
ts22244,animation
ts20429,scifi
ts20429,action
ts20429,animation
ts20429,drama
ts20429,western
ts20429,comedy
ts20429,fantasy
ts20429,romance
ts20429,thriller
ts34087,scifi
ts34087,thriller
ts34087,animation
ts34087,drama
ts34087,fantasy
ts22232,action
ts22232,romance
ts22232,thriller
ts22232,animation
ts22232,drama
ts28014,drama
ts28014,thriller
ts28014,animation
ts28014,horror
ts33772,comedy
ts33772,animation
ts11151,scifi
ts11151,action
ts11151,animation
ts11151,drama
ts11151,fantasy
ts11151,thriller
ts9246,scifi
ts9246,horror
ts9246,family
ts9246,animation
ts9246,action
ts9246,drama
ts9246,fantasy
ts26933,scifi
ts26933,animation
ts26933,drama
ts26933,fantasy
ts26933,horror
ts7708,drama
ts7708,fantasy
ts7708,romance
ts7708,animation
ts27586,scifi
ts27586,action
ts27586,comedy
ts27586,animation
ts27586,fantasy
ts39133,drama
ts39133,comedy
ts39133,romance
ts39133,animation
ts76614,animation
ts22249,animation
ts22249,comedy
ts22249,sport
ts26929,animation
ts26929,comedy
ts26929,romance
ts27050,action
ts27050,comedy
ts27050,animation
ts27050,drama
ts27050,family
ts27050,fantasy
ts27050,horror
ts26925,comedy
ts26925,animation
ts11779,scifi
ts11779,action
ts11779,romance
ts11779,animation
ts32360,drama
ts32360,animation
ts32360,comedy
ts11257,drama
ts11257,animation
ts11257,comedy
ts518,animation
ts518,drama
ts518,fantasy
ts518,action
ts518,comedy
ts15793,comedy
ts15793,drama
ts15793,animation
ts27094,animation
ts27094,comedy
ts27094,fantasy
ts27094,romance
ts27094,scifi
ts27094,action
ts26560,scifi
ts26560,drama
ts26560,animation
ts26560,comedy
ts21213,action
ts21213,scifi
ts21213,fantasy
ts21213,animation
ts21213,comedy
ts14234,action
ts14234,animation
ts14234,fantasy
ts14234,scifi
ts26691,action
ts26691,scifi
ts26691,animation
ts26691,fantasy
ts33799,animation
ts7872,scifi
ts7872,romance
ts7872,animation
ts7872,action
ts7872,fantasy
ts20670,scifi
ts20670,action
ts20670,animation
ts20670,comedy
ts20670,fantasy
ts20997,scifi
ts20997,animation
ts20997,action
ts8677,scifi
ts8677,animation
ts8677,action
ts8677,comedy
ts8677,fantasy
ts27922,comedy
ts27922,animation
ts27922,action
ts27922,fantasy
ts34293,comedy
ts34293,drama
ts34293,romance
ts34293,animation
ts11511,animation
ts12173,scifi
ts12173,war
ts12173,animation
ts12173,action
ts12173,comedy
ts12173,history
ts12173,romance
ts10585,action
ts10585,comedy
ts10585,animation
ts34924,drama
ts34924,comedy
ts34924,animation
ts35044,scifi
ts35044,animation
ts35044,romance
ts28083,comedy
ts28083,animation
ts28083,scifi
ts28083,drama
ts28083,fantasy
ts28083,romance
ts17235,comedy
ts44764,action
ts44764,animation
ts44764,sport
ts26590,comedy
ts26590,sport
ts26590,animation
ts26766,scifi
ts26766,animation
ts26766,comedy
ts35086,comedy
ts35086,drama
ts33973,drama
ts33973,animation
ts33973,comedy
ts36568,scifi
ts26895,action
ts26895,scifi
ts26895,animation
ts26895,drama
ts26895,horror
ts26895,romance
ts26817,crime
ts26817,action
ts26817,fantasy
ts26817,animation
ts26817,comedy
ts34953,scifi
ts34953,animation
ts4204,scifi
ts4204,animation
ts4204,action
ts4204,fantasy
ts4204,romance
ts32606,action
ts32606,drama
ts32606,scifi
ts32606,animation
ts27839,scifi
ts27839,comedy
ts27839,fantasy
ts27839,animation
ts4773,animation
ts4773,action
ts4773,comedy
ts53007,comedy
ts53007,drama
ts53007,animation
ts26576,scifi
ts26576,action
ts32870,comedy
ts32870,animation
ts12574,comedy
ts12574,animation
ts30007,comedy
ts30007,drama
ts30007,animation
ts18755,scifi
ts18755,animation
ts1118,animation
ts33166,comedy
ts33166,animation
ts45074,action
ts27564,comedy
ts27564,animation
ts27727,comedy
ts27727,animation
ts27861,comedy
ts27861,animation
ts34548,animation
ts34548,comedy
ts27610,comedy
ts27514,comedy
ts39184,comedy
ts39184,animation
ts39184,action
ts27568,animation
ts20682,scifi
ts20682,action
ts20682,drama
ts20682,fantasy
ts20682,horror
ts20682,animation
ts20112,comedy
ts20112,drama
ts20112,animation
ts20112,sport
ts20202,action
ts20202,horror
ts20202,thriller
ts20202,animation
ts20202,drama
ts20202,fantasy
ts20249,animation
ts20249,music
ts20249,romance
ts20249,drama
ts20250,scifi
ts20250,action
ts20250,drama
ts20250,thriller
ts20250,romance
ts20250,animation
ts20250,horror
ts44387,comedy
ts44387,drama
ts44387,animation
ts44387,romance
ts34950,action
ts34950,scifi
ts34950,fantasy
ts34950,animation
ts34950,comedy
ts34950,drama
ts34193,scifi
ts34193,action
ts34193,comedy
ts34193,fantasy
ts34193,animation
ts20014,scifi
ts20014,animation
ts20014,action
ts20014,comedy
ts20014,drama
ts20014,fantasy
ts20014,romance
ts20014,family
ts22386,scifi
ts22386,action
ts22386,fantasy
ts22386,animation
ts22386,comedy
ts22386,drama
ts22386,thriller
ts33329,scifi
ts33329,fantasy
ts33329,romance
ts33329,thriller
ts33329,animation
ts33329,action
ts33329,comedy
ts20683,action
ts20683,scifi
ts20683,comedy
ts20683,fantasy
ts20683,romance
ts20683,animation
ts41161,scifi
ts41161,family
ts41161,animation
ts41161,action
ts41161,comedy
ts41161,fantasy
ts20225,scifi
ts20225,animation
ts20225,action
ts20225,comedy
ts20225,drama
ts20225,fantasy
ts20225,romance
ts18865,action
ts18865,drama
ts18865,crime
ts18865,thriller
ts18865,animation
ts20252,comedy
ts20252,romance
ts20252,animation
ts20252,action
ts20252,fantasy
ts22426,scifi
ts22426,romance
ts22426,animation
ts22426,action
ts22426,drama
ts22426,fantasy
ts35487,drama
ts35487,comedy
ts35487,romance
ts35487,animation
ts4696,drama
ts4696,scifi
ts4696,action
ts4696,fantasy
ts4696,romance
ts4696,animation
ts35492,comedy
ts35492,animation
ts35492,romance
ts224178,crime
ts224178,animation
ts33718,animation
ts33718,comedy
ts33718,drama
ts33718,sport
ts32818,scifi
ts32818,fantasy
ts32818,romance
ts32818,animation
ts20201,action
ts20201,scifi
ts20201,animation
ts20709,comedy
ts20709,drama
ts20709,sport
ts20709,animation
ts20240,scifi
ts20240,comedy
ts20240,fantasy
ts20240,horror
ts20240,romance
ts20240,animation
ts20240,action
ts33317,scifi
ts33317,animation
ts33317,drama
ts33317,romance
ts44298,animation
ts44298,drama
ts44298,comedy
ts20226,animation
ts20226,drama
ts20226,thriller
ts20226,romance
ts56820,scifi
ts56820,drama
ts56820,animation
ts56820,fantasy
ts56820,comedy
ts20219,action
ts20219,scifi
ts20219,horror
ts20219,animation
ts20807,animation
ts20807,sport
ts20778,scifi
ts20778,action
ts20778,romance
ts20778,animation
ts20778,fantasy
ts44098,scifi
ts44098,comedy
ts44098,animation
ts44098,fantasy
ts37196,scifi
ts37196,action
ts37196,comedy
ts37196,sport
ts37196,animation
ts22417,animation
ts22417,drama
ts22417,fantasy
ts22417,romance
ts20227,action
ts20227,scifi
ts20227,comedy
ts20227,animation
ts20227,fantasy
ts33694,comedy
ts33694,romance
ts33694,animation
ts36927,animation
ts36927,action
ts36927,comedy
ts36927,drama
ts36927,fantasy
ts32231,action
ts32231,comedy
ts32231,fantasy
ts32231,horror
ts32231,animation
ts20063,action
ts20063,scifi
ts20063,thriller
ts20063,war
ts20063,animation
ts20063,drama
ts20063,romance
ts33840,scifi
ts33840,animation
ts33840,drama
ts33840,fantasy
ts33840,romance
ts20306,action
ts20306,animation
ts20306,history
ts20206,comedy
ts20206,romance
ts20206,animation
ts34755,action
ts34755,scifi
ts34755,animation
ts23262,comedy
ts23262,animation
ts20222,animation
ts20222,comedy
ts20222,romance
ts22348,action
ts22348,comedy
ts22348,fantasy
ts22348,romance
ts22348,animation
ts43922,scifi
ts43922,action
ts43922,comedy
ts43922,fantasy
ts43922,romance
ts43922,animation
ts55080,comedy
ts55080,animation
ts32776,scifi
ts32776,action
ts32776,comedy
ts32776,animation
ts32776,fantasy
ts56862,crime
ts56862,animation
ts56862,comedy
ts20312,action
ts20312,animation
ts20312,thriller
ts20312,scifi
ts20312,romance
ts20312,drama
ts20312,fantasy
ts20015,animation
ts20015,action
ts20015,comedy
ts20015,fantasy
ts20015,romance
ts22423,romance
ts22423,comedy
ts22423,animation
ts33902,comedy
ts33902,drama
ts33902,animation
ts33902,fantasy
ts79726,animation
ts79726,action
ts79726,drama
ts79726,scifi
ts32800,animation
ts32800,horror
ts55113,animation
ts55113,drama
ts55113,music
ts55113,romance
ts20212,animation
ts20212,action
ts20212,fantasy
ts32201,drama
ts32201,animation
ts32201,comedy
ts32201,fantasy
ts32201,romance
ts44217,comedy
ts44217,animation
ts44217,romance
ts58384,comedy
ts58384,animation
ts58384,romance
ts58384,fantasy
ts57972,comedy
ts57972,animation
ts6358,comedy
ts6358,animation
ts77637,comedy
ts77637,animation
ts534,action
ts534,scifi
ts534,animation
ts21362,comedy
ts21362,romance
ts21362,animation
ts20073,comedy
ts20073,action
ts20073,sport
ts20073,animation
ts17721,action
ts17721,animation
ts17721,comedy
ts33243,animation
ts33243,sport
ts33243,romance
ts20018,animation
ts20018,action
ts20018,comedy
ts20018,fantasy
ts20018,romance
ts20091,comedy
ts20091,animation
ts20075,scifi
ts20075,fantasy
ts20075,animation
ts20075,comedy
ts44018,scifi
ts44018,comedy
ts44018,drama
ts44018,animation
ts44018,history
ts77866,comedy
ts77866,animation
ts77866,music
ts12341,comedy
ts12341,animation
ts34195,action
ts34195,animation
ts34195,history
ts9710,scifi
ts9710,action
ts9710,animation
ts20265,action
ts20265,scifi
ts20265,fantasy
ts20265,animation
ts58504,comedy
ts58504,animation
ts58504,drama
ts58504,fantasy
ts58504,romance
ts57334,animation
ts57334,action
ts57334,scifi
ts85663,comedy
ts85663,animation
ts85663,romance
ts12823,action
ts12823,animation
ts22429,action
ts22429,fantasy
ts22429,romance
ts22429,animation
ts22429,comedy
ts22429,scifi
ts78887,animation
ts78887,history
ts78887,comedy
ts54083,comedy
ts54083,animation
ts79069,scifi
ts79069,action
ts79069,drama
ts79069,fantasy
ts79069,romance
ts79069,animation
ts41612,animation
ts41612,comedy
ts80797,scifi
ts80797,animation
ts80797,comedy
ts80797,fantasy
ts127426,animation
ts127426,comedy
ts127426,scifi
ts55904,comedy
ts55904,animation
ts33037,comedy
ts33037,animation
ts33283,action
ts33283,comedy
ts33283,animation
ts33283,fantasy
ts75865,comedy
ts75865,animation
ts75865,drama
ts75865,music
ts78868,animation
ts33520,animation
ts33520,drama
ts33520,romance
ts19223,animation
ts19223,drama
ts19223,comedy
ts19223,romance
ts55288,animation
ts55288,comedy
ts55288,romance
ts34970,action
ts23080,comedy
ts23080,animation
ts23080,action
ts23080,fantasy
ts80652,action
ts80652,scifi
ts80652,animation
ts23081,animation
ts33517,comedy
ts33517,animation
ts43934,animation
ts44167,animation
ts44167,action
ts56788,comedy
ts56788,animation
ts56788,action
ts56788,scifi
ts34796,comedy
ts34796,animation
ts58393,animation
ts58393,comedy
ts57287,animation
ts35014,scifi
ts35014,animation
ts35014,comedy
ts35014,fantasy
ts20067,animation
ts20067,comedy
ts20067,romance
ts326146,action
ts326146,scifi
ts37539,action
ts37539,fantasy
ts37539,scifi
ts37539,animation
ts37539,comedy
ts38725,action
ts38725,fantasy
ts38725,scifi
ts38725,comedy
ts38725,animation
ts35201,animation
ts35201,comedy
ts35201,drama
ts35201,fantasy
ts35201,thriller
ts35573,action
ts35573,scifi
ts35573,comedy
ts35573,animation
ts35573,thriller
ts35573,drama
ts35573,family
ts35573,fantasy
ts39013,action
ts39013,comedy
ts39013,animation
ts39013,fantasy
ts39013,horror
ts38785,action
ts38785,scifi
ts38785,drama
ts38785,fantasy
ts38785,horror
ts38785,animation
ts21984,animation
ts21984,comedy
ts21984,action
ts21984,scifi
ts21984,fantasy
ts21984,drama
ts38712,scifi
ts38712,animation
ts38712,action
ts38712,drama
ts38712,fantasy
ts38712,horror
ts44928,action
ts44928,scifi
ts44928,animation
ts44928,fantasy
ts44928,comedy
ts41257,action
ts41257,animation
ts41257,comedy
ts41257,drama
ts41257,scifi
ts41257,fantasy
ts41257,horror
ts41257,romance
ts41257,thriller
ts35578,scifi
ts35578,comedy
ts35578,fantasy
ts35578,romance
ts35578,animation
ts35578,action
ts37899,scifi
ts37899,fantasy
ts37899,animation
ts37899,action
ts42169,drama
ts42169,animation
ts42169,fantasy
ts42169,scifi
ts42169,thriller
ts47734,animation
ts47734,romance
ts47734,sport
ts47734,comedy
ts47734,drama
ts42256,scifi
ts42256,action
ts42256,animation
ts42256,drama
ts42256,comedy
ts42256,crime
ts42256,fantasy
ts38116,scifi
ts38116,war
ts38116,action
ts38116,drama
ts38116,animation
ts35275,scifi
ts35275,action
ts35275,comedy
ts35275,fantasy
ts35275,animation
ts36073,action
ts36073,scifi
ts36073,fantasy
ts36073,thriller
ts36073,animation
ts41489,scifi
ts41489,animation
ts41489,fantasy
ts42043,drama
ts42043,animation
ts42043,comedy
ts42043,romance
ts41487,crime
ts41487,thriller
ts41487,animation
ts41487,action
ts41487,drama
ts41487,history
ts35577,scifi
ts35577,animation
ts35577,action
ts38756,scifi
ts38756,action
ts38756,fantasy
ts38756,animation
ts35457,comedy
ts35457,romance
ts35457,animation
ts55531,drama
ts55531,comedy
ts55531,romance
ts55531,animation
ts36812,action
ts36812,animation
ts36812,comedy
ts36812,fantasy
ts38707,thriller
ts38707,animation
ts38707,drama
ts38707,comedy
ts38707,crime
ts41846,drama
ts41846,animation
ts41846,romance
ts41846,scifi
ts42211,scifi
ts42211,fantasy
ts42211,animation
ts35988,scifi
ts35988,animation
ts35988,drama
ts35988,fantasy
ts35988,romance
ts53038,comedy
ts53038,romance
ts53038,drama
ts53038,animation
ts43171,action
ts43171,animation
ts43171,comedy
ts43171,crime
ts35459,comedy
ts35459,drama
ts35459,animation
ts35459,music
ts41280,animation
ts41280,action
ts41280,drama
ts41280,thriller
ts41280,scifi
ts41280,horror
ts32669,action
ts32669,animation
ts42124,animation
ts42124,drama
ts42124,comedy
ts42124,romance
ts42124,scifi
ts38724,scifi
ts38724,comedy
ts38724,animation
ts38724,fantasy
ts42629,comedy
ts42629,animation
ts42629,romance
ts42102,drama
ts42102,comedy
ts42102,animation
ts42102,romance
ts51384,action
ts51384,animation
ts51384,comedy
ts51384,sport
ts55377,action
ts55377,comedy
ts55377,drama
ts55377,fantasy
ts55377,animation
ts35355,scifi
ts35355,comedy
ts35355,drama
ts35355,animation
ts51387,animation
ts51387,comedy
ts51387,drama
ts51387,romance
ts38748,animation
ts38748,action
ts38748,drama
ts43073,drama
ts43073,comedy
ts43073,animation
ts42206,action
ts42206,drama
ts42206,animation
ts55543,action
ts55543,animation
ts38723,scifi
ts38723,romance
ts38723,animation
ts38723,action
ts38723,comedy
ts38723,fantasy
ts38720,scifi
ts38720,romance
ts38720,thriller
ts38720,animation
ts38720,drama
ts42262,comedy
ts42262,drama
ts42262,animation
ts53042,scifi
ts53042,animation
ts53042,action
ts53042,horror
ts42980,scifi
ts42980,war
ts42980,animation
ts42980,drama
ts35466,drama
ts35466,comedy
ts35466,fantasy
ts35466,romance
ts35466,animation
ts52888,action
ts52888,sport
ts52888,animation
ts52888,drama
ts51381,scifi
ts51381,thriller
ts51381,animation
ts43465,action
ts43465,fantasy
ts43465,romance
ts43465,animation
ts35329,animation
ts35329,fantasy
ts51395,action
ts51395,fantasy
ts53030,comedy
ts53030,music
ts53030,romance
ts53030,animation
ts53008,action
ts53008,comedy
ts53008,drama
ts53008,fantasy
ts53008,animation
ts53528,scifi
ts53528,action
ts53528,comedy
ts53528,animation
ts53192,action
ts53192,scifi
ts53192,thriller
ts53192,animation
ts53192,fantasy
ts42251,scifi
ts42251,romance
ts42251,animation
ts42251,action
ts39022,drama
ts39022,action
ts39022,fantasy
ts39022,animation
ts39025,action
ts39025,animation
ts39025,comedy
ts57185,comedy
ts57185,animation
ts38789,scifi
ts38789,animation
ts42160,scifi
ts42160,animation
ts42160,action
ts42160,drama
ts42160,fantasy
ts58057,animation
ts53435,action
ts53435,comedy
ts38760,action
ts38760,scifi
ts38760,comedy
ts38760,animation
ts38760,fantasy
ts78530,animation
ts78530,thriller
ts78530,scifi
ts78530,comedy
ts78530,drama
ts78530,fantasy
ts78866,animation
ts78866,drama
ts78866,comedy
ts38791,action
ts38791,scifi
ts38791,drama
ts38791,fantasy
ts38791,animation
ts38786,drama
ts38786,comedy
ts38786,animation
ts38786,romance
ts42263,comedy
ts42263,reality
ts42263,animation
ts42263,drama
ts42263,sport
ts38708,drama
ts38708,thriller
ts38708,war
ts38708,animation
ts43487,scifi
ts43487,fantasy
ts43487,animation
ts43487,action
ts82050,action
ts82050,war
ts82050,history
ts82050,animation
ts41927,comedy
ts41927,animation
ts41927,drama
ts41021,animation
ts41021,comedy
ts41021,family
ts43871,animation
ts43871,action
ts43871,fantasy
ts43871,romance
ts38714,thriller
ts38714,animation
ts38714,drama
ts74785,comedy
ts74785,fantasy
ts74785,romance
ts74785,animation
ts56684,animation
ts56684,comedy
ts38790,comedy
ts38790,drama
ts38790,music
ts38790,animation
ts52835,comedy
ts52955,action
ts52955,scifi
ts43892,action
ts43892,animation
ts43892,fantasy
ts43892,romance
ts53930,comedy
ts53930,animation
ts53930,sport
ts52836,animation
ts52836,comedy
ts52836,drama
ts52836,action
ts47701,animation
ts47701,comedy
ts47701,drama
ts75926,comedy
ts75926,animation
ts52962,animation
ts52962,drama
ts53170,animation
ts52872,animation
ts52872,action
ts52872,fantasy
ts42549,action
ts42549,scifi
ts42549,animation
ts42549,fantasy
ts53043,comedy
ts53043,horror
ts53043,scifi
ts53043,animation
ts43887,action
ts43887,scifi
ts43887,comedy
ts43887,war
ts43887,animation
ts58412,animation
ts58412,comedy
ts36717,drama
ts38787,action
ts38787,drama
ts38787,fantasy
ts38787,romance
ts38787,animation
ts78756,animation
ts78756,family
ts37754,action
ts37754,animation
ts37754,fantasy
ts36690,drama
ts36690,music
ts36690,animation
ts36690,comedy
ts53252,scifi
ts53252,animation
ts42212,animation
ts42212,drama
ts44943,animation
ts44943,drama
ts44943,music
ts43211,scifi
ts43211,animation
ts43211,horror
ts42317,comedy
ts77087,comedy
ts77087,animation
ts52886,animation
ts52886,drama
ts52886,fantasy
ts52886,thriller
ts134515,animation
ts53096,animation
ts53096,action
ts51377,scifi
ts42365,animation
ts53098,comedy
ts66513,scifi
ts53273,animation
ts53273,comedy
ts42323,animation
ts42323,comedy
ts42323,drama
ts78140,scifi
ts78140,fantasy
ts78140,animation
ts78140,action
ts78140,comedy
ts53069,comedy
ts53069,animation
ts53069,sport
ts42350,animation
ts42350,comedy
ts41183,scifi
ts41183,animation
ts41183,action
ts41183,romance
ts38738,comedy
ts38738,animation
ts39020,scifi
ts39020,animation
ts39020,action
ts39020,comedy
ts133840,animation
ts133840,fantasy
ts133840,romance
ts133840,scifi
ts52848,action
ts52848,animation
ts232892,history
ts232892,animation
ts232892,comedy
ts52957,comedy
ts43264,animation
ts43264,horror
ts341682,scifi
ts341682,comedy
ts341682,action
ts46812,comedy
ts46812,animation
ts42985,animation
ts42985,comedy
ts53021,action
ts53021,comedy
ts43046,scifi
ts43046,animation
ts43046,drama
ts43046,sport
ts43287,animation
ts43287,comedy
ts66548,animation
ts66548,comedy
ts66548,sport
ts53002,animation
ts53002,family
ts38965,action
ts38965,crime
ts38965,scifi
ts38965,thriller
ts38965,animation
ts53540,action
ts53540,comedy
ts53540,animation
ts53720,animation
ts53720,comedy
ts35261,action
ts35261,scifi
ts35261,animation
ts42978,comedy
ts42978,animation
ts53089,comedy
ts53089,animation
ts53089,fantasy
ts38726,comedy
ts38726,animation
ts57532,animation
ts285494,animation
ts56647,comedy
ts56647,scifi
ts56647,animation
ts57067,animation
ts57067,comedy
ts134197,drama
ts134197,animation
ts134409,animation
ts134409,comedy
ts74588,comedy
ts74588,animation
ts55270,animation
ts42981,animation
ts55388,comedy
ts42359,comedy
ts42381,animation
ts42381,comedy
ts42381,drama
ts42381,romance
ts70564,animation
ts70564,comedy
ts21877,comedy
ts21877,animation
ts21877,scifi
ts21877,fantasy
ts21877,action
ts56255,animation
ts56255,music
ts56255,comedy
ts46884,scifi
ts46884,animation
ts46884,comedy
ts42504,animation
ts42504,comedy
ts42504,drama
ts43168,comedy
ts43168,romance
ts43168,animation
ts220110,comedy
ts42264,scifi
ts42264,animation
ts42264,action
ts42264,drama
ts52834,scifi
ts296797,drama
ts296797,fantasy
ts296797,scifi
ts296797,thriller
ts296797,animation
ts296797,action
ts296797,comedy
ts84141,action
ts84141,scifi
ts84141,animation
ts84141,fantasy
ts84230,scifi
ts84230,action
ts84230,comedy
ts84230,fantasy
ts84230,animation
ts56104,action
ts56104,comedy
ts56104,drama
ts56104,fantasy
ts56104,animation
ts75516,scifi
ts75516,drama
ts75516,fantasy
ts75516,horror
ts75516,romance
ts75516,animation
ts77768,animation
ts77768,romance
ts77768,scifi
ts77768,fantasy
ts77768,action
ts77768,drama
ts77726,comedy
ts77726,animation
ts89413,drama
ts89413,animation
ts89413,thriller
ts82228,action
ts82228,fantasy
ts82228,animation
ts82228,comedy
ts84280,animation
ts84280,comedy
ts84280,thriller
ts84280,fantasy
ts84280,romance
ts84280,drama
ts77706,animation
ts77706,comedy
ts77706,drama
ts53369,animation
ts53369,comedy
ts53369,fantasy
ts58045,drama
ts58045,animation
ts58045,comedy
ts58045,romance
ts84364,comedy
ts84364,fantasy
ts84364,horror
ts84364,music
ts84364,action
ts84364,family
ts84364,animation
ts79723,scifi
ts79723,romance
ts79723,comedy
ts79723,animation
ts79723,drama
ts79723,thriller
ts77415,animation
ts77415,drama
ts77415,horror
ts79546,action
ts79546,animation
ts79546,drama
ts79546,scifi
ts79546,sport
ts78390,action
ts78390,comedy
ts78390,history
ts78390,western
ts78390,animation
ts77518,comedy
ts77518,animation
ts77518,romance
ts53433,war
ts53433,scifi
ts53433,animation
ts53433,action
ts53433,fantasy
ts79331,action
ts79331,animation
ts79331,fantasy
ts82053,action
ts82053,scifi
ts82053,horror
ts82053,thriller
ts82053,animation
ts77716,comedy
ts77716,drama
ts77716,animation
ts77716,romance
ts78392,scifi
ts78392,animation
ts78392,comedy
ts78392,fantasy
ts53430,animation
ts53430,drama
ts53430,romance
ts53430,comedy
ts58032,comedy
ts58032,scifi
ts58032,action
ts58032,fantasy
ts58032,romance
ts58032,animation
ts53365,comedy
ts53365,drama
ts53365,animation
ts53365,romance
ts75838,action
ts75838,animation
ts75838,comedy
ts75838,drama
ts75838,romance
ts82074,scifi
ts82074,fantasy
ts82074,romance
ts82074,animation
ts82074,comedy
ts84403,drama
ts84403,comedy
ts84403,animation
ts84403,romance
ts77783,scifi
ts77783,action
ts77783,fantasy
ts77783,war
ts77783,animation
ts57802,animation
ts57802,romance
ts57802,comedy
ts57802,drama
ts75632,animation
ts75632,action
ts75632,scifi
ts75632,comedy
ts75632,fantasy
ts75632,romance
ts75755,scifi
ts75755,animation
ts75755,comedy
ts79824,action
ts79824,scifi
ts79824,animation
ts79824,fantasy
ts58035,comedy
ts58035,romance
ts58035,animation
ts75698,scifi
ts75698,war
ts75698,action
ts75698,drama
ts75698,animation
ts56105,drama
ts56105,fantasy
ts56105,romance
ts56105,thriller
ts56105,animation
ts58176,action
ts58176,thriller
ts58176,comedy
ts58176,crime
ts58176,fantasy
ts58176,animation
ts79742,scifi
ts79742,animation
ts79742,action
ts79742,drama
ts79742,fantasy
ts55811,action
ts55811,animation
ts55811,drama
ts55811,fantasy
ts55811,romance
ts55811,scifi
ts82109,animation
ts82109,comedy
ts82109,drama
ts79359,scifi
ts79359,animation
ts79359,action
ts53960,scifi
ts53960,animation
ts53960,fantasy
ts55813,scifi
ts55813,animation
ts55813,action
ts55813,comedy
ts55813,fantasy
ts84431,action
ts84431,scifi
ts84431,animation
ts84415,scifi
ts84415,action
ts84415,fantasy
ts84415,animation
ts78393,comedy
ts78393,scifi
ts78393,horror
ts78393,animation
ts78393,fantasy
ts58041,comedy
ts58041,romance
ts58041,animation
ts75858,drama
ts75858,animation
ts75858,horror
ts57945,scifi
ts57945,animation
ts57945,fantasy
ts75770,scifi
ts75770,romance
ts75770,animation
ts75770,drama
ts75770,fantasy
ts56103,drama
ts56103,animation
ts56103,comedy
ts56103,romance
ts79351,animation
ts79351,comedy
ts79351,drama
ts79351,romance
ts53359,scifi
ts53359,animation
ts53359,comedy
ts53359,fantasy
ts80138,scifi
ts80138,comedy
ts80138,drama
ts80138,animation
ts58030,comedy
ts58030,animation
ts58030,sport
ts77769,scifi
ts77769,romance
ts77769,animation
ts77769,comedy
ts77769,fantasy
ts77785,comedy
ts77785,animation
ts75757,drama
ts75757,comedy
ts75757,animation
ts75757,romance
ts56657,scifi
ts56657,action
ts56657,fantasy
ts56657,animation
ts77771,family
ts77771,animation
ts77771,comedy
ts77771,drama
ts77771,romance
ts53363,comedy
ts53363,animation
ts53363,drama
ts79044,drama
ts79044,animation
ts80096,scifi
ts80096,thriller
ts80096,animation
ts80096,action
ts80096,romance
ts80096,fantasy
ts82116,animation
ts82116,drama
ts82116,sport
ts77787,comedy
ts77787,animation
ts84848,drama
ts84848,animation
ts84848,sport
ts84472,comedy
ts84472,animation
ts84305,drama
ts84305,comedy
ts84305,animation
ts84305,sport
ts75766,comedy
ts57946,comedy
ts57946,romance
ts57946,animation
ts86256,animation
ts86256,drama
ts86256,romance
ts86256,comedy
ts57494,action
ts57494,scifi
ts57494,drama
ts57494,history
ts57494,animation
ts58040,drama
ts58040,animation
ts58040,romance
ts82223,scifi
ts82223,animation
ts82223,fantasy
ts75859,action
ts75859,history
ts75859,romance
ts53356,scifi
ts53356,animation
ts53356,comedy
ts53356,fantasy
ts77395,drama
ts77395,comedy
ts77395,scifi
ts77395,action
ts58044,scifi
ts58044,drama
ts58044,animation
ts58044,action
ts58044,comedy
ts53375,comedy
ts53375,animation
ts53375,fantasy
ts53375,scifi
ts77713,action
ts77713,scifi
ts77713,history
ts77713,romance
ts77713,animation
ts77713,drama
ts79325,comedy
ts79325,animation
ts79325,action
ts79325,sport
ts75856,animation
ts75856,comedy
ts75856,romance
ts53357,drama
ts53357,comedy
ts53357,music
ts53357,romance
ts53357,animation
ts84464,comedy
ts84464,animation
ts84464,sport
ts83187,animation
ts83187,action
ts83187,drama
ts83187,scifi
ts83187,war
ts83187,comedy
ts56112,comedy
ts56112,drama
ts56112,romance
ts56112,animation
ts89852,documentation
ts89852,reality
ts89852,crime
ts82414,action
ts82414,comedy
ts82414,animation
ts75776,action
ts75776,animation
ts75776,fantasy
ts55801,scifi
ts55801,animation
ts55801,fantasy
ts77519,scifi
ts77519,action
ts77519,animation
ts77519,fantasy
ts77517,action
ts77517,animation
ts77517,fantasy
ts77773,animation
ts77773,music
ts77773,comedy
ts77773,drama
ts58357,action
ts58357,animation
ts75761,action
ts75761,scifi
ts75761,animation
ts75761,drama
ts75761,horror
ts80087,action
ts80087,scifi
ts80087,animation
ts75905,animation
ts82039,thriller
ts82039,animation
ts82039,drama
ts78454,action
ts78454,scifi
ts78454,animation
ts78454,comedy
ts78454,sport
ts77788,comedy
ts77788,fantasy
ts77788,animation
ts84278,scifi
ts84278,animation
ts84278,action
ts84278,fantasy
ts79352,comedy
ts79352,animation
ts79352,romance
ts80099,scifi
ts80099,animation
ts80099,fantasy
ts75769,scifi
ts75769,fantasy
ts75769,animation
ts75769,drama
ts58049,animation
ts84552,comedy
ts84552,animation
ts84552,fantasy
ts84552,romance
ts82037,comedy
ts82037,animation
ts75758,scifi
ts75758,romance
ts75758,animation
ts82331,action
ts82331,war
ts82331,drama
ts82331,history
ts82331,animation
ts84395,action
ts84395,animation
ts84395,sport
ts82105,comedy
ts82105,drama
ts82105,animation
ts82105,romance
ts82105,scifi
ts82215,animation
ts82215,comedy
ts82215,romance
ts77772,drama
ts77772,action
ts77772,crime
ts77772,animation
ts56243,thriller
ts56243,animation
ts56243,horror
ts56248,comedy
ts56248,animation
ts53307,scifi
ts80091,animation
ts80091,sport
ts81087,action
ts81087,animation
ts77777,scifi
ts77777,fantasy
ts77777,animation
ts77777,comedy
ts56253,scifi
ts56253,animation
ts84310,comedy
ts84310,animation
ts58031,scifi
ts58031,animation
ts58031,comedy
ts58031,fantasy
ts84687,drama
ts56252,comedy
ts56252,animation
ts84383,action
ts75774,drama
ts75774,animation
ts75774,romance
ts75774,comedy
ts79329,animation
ts79329,comedy
ts75762,scifi
ts75762,animation
ts84522,scifi
ts84522,action
ts84522,animation
ts84522,comedy
ts84522,romance
ts84522,drama
ts56242,scifi
ts56242,drama
ts56242,thriller
ts56242,animation
ts53544,animation
ts56318,comedy
ts56318,animation
ts84577,scifi
ts84577,animation
ts84577,fantasy
ts53289,drama
ts53289,animation
ts53289,crime
ts53289,fantasy
ts77820,comedy
ts82274,comedy
ts82274,animation
ts82274,fantasy
ts82129,scifi
ts82129,drama
ts82129,fantasy
ts82129,animation
ts82038,drama
ts82038,comedy
ts82038,animation
ts77697,animation
ts77697,comedy
ts58143,comedy
ts58143,drama
ts58143,animation
ts58054,action
ts58054,scifi
ts58054,animation
ts75861,animation
ts75861,action
ts75861,comedy
ts75861,drama
ts75861,sport
ts75867,comedy
ts75867,animation
ts75867,music
ts77748,comedy
ts77748,drama
ts77748,animation
ts80083,animation
ts80083,fantasy
ts58039,comedy
ts58039,animation
ts87037,thriller
ts87037,animation
ts87037,action
ts87037,comedy
ts81286,action
ts81286,comedy
ts81286,animation
ts84277,comedy
ts84277,animation
ts84277,fantasy
ts216581,action
ts216581,comedy
ts216581,animation
ts56247,comedy
ts82107,animation
ts82107,drama
ts82107,sport
ts53305,scifi
ts53305,animation
ts53371,comedy
ts53371,drama
ts53371,animation
ts80095,action
ts80095,scifi
ts77419,scifi
ts77419,animation
ts77419,fantasy
ts53373,comedy
ts53373,animation
ts80089,animation
ts80089,comedy
ts82386,scifi
ts82386,animation
ts82386,action
ts82386,fantasy
ts77446,comedy
ts77446,animation
ts84401,action
ts84401,animation
ts84401,comedy
ts80894,scifi
ts80894,animation
ts53372,action
ts53372,scifi
ts53372,animation
ts75763,drama
ts75763,animation
ts80093,comedy
ts80093,animation
ts53304,action
ts53304,comedy
ts53304,history
ts53304,animation
ts55761,action
ts55761,scifi
ts55761,animation
ts55761,drama
ts55761,fantasy
ts58036,scifi
ts58036,animation
ts53366,comedy
ts53366,animation
ts67979,history
ts58405,scifi
ts58405,animation
ts58405,comedy
ts86157,comedy
ts56326,comedy
ts56326,drama
ts56326,animation
ts56326,fantasy
ts56326,horror
ts56326,thriller
ts74900,comedy
ts53358,scifi
ts53358,crime
ts53358,animation
ts53358,action
ts82024,scifi
ts82024,fantasy
ts82024,animation
ts84491,scifi
ts84491,animation
ts84491,comedy
ts84491,fantasy
ts53431,scifi
ts53431,animation
ts75868,animation
ts58051,comedy
ts58051,animation
ts58051,music
ts81981,comedy
ts81981,animation
ts77786,comedy
ts77786,sport
ts77786,animation
ts77786,action
ts77786,romance
ts93084,drama
ts56250,scifi
ts56250,animation
ts56250,comedy
ts56250,drama
ts76023,animation
ts56491,animation
ts89806,animation
ts80101,animation
ts80101,action
ts80101,comedy
ts80101,fantasy
ts75863,scifi
ts75863,animation
ts56246,comedy
ts56246,animation
ts80088,animation
ts80088,sport
ts53380,comedy
ts84366,scifi
ts84366,animation
ts84366,comedy
ts84366,fantasy
ts84063,scifi
ts83571,scifi
ts89954,animation
ts89954,comedy
ts89954,fantasy
ts80077,scifi
ts80077,animation
ts80077,comedy
ts84333,animation
ts84333,scifi
ts56260,animation
ts58050,action
ts56322,comedy
ts83598,action
ts83598,thriller
ts83598,scifi
ts83598,animation
ts53374,scifi
ts53374,animation
ts53374,action
ts53374,drama
ts53374,family
ts53374,fantasy
ts84237,scifi
ts84237,action
ts84237,war
ts84237,fantasy
ts84965,scifi
ts84965,animation
ts84965,action
ts80080,animation
ts77779,animation
ts57808,scifi
ts57808,animation
ts113733,documentation
ts82036,animation
ts53364,comedy
ts53364,animation
ts53364,drama
ts53364,sport
ts78563,comedy
ts78563,fantasy
ts78563,animation
ts84520,animation
ts87466,animation
ts87466,scifi
ts87466,action
ts87466,fantasy
ts87466,thriller
ts87466,horror
ts222852,scifi
ts222852,action
ts222852,fantasy
ts222852,thriller
ts222852,animation
ts84631,action
ts84631,scifi
ts84631,comedy
ts84631,drama
ts84631,fantasy
ts84631,romance
ts84631,animation
ts84657,comedy
ts84657,drama
ts84657,thriller
ts84657,animation
ts84657,romance
ts89550,action
ts89550,scifi
ts89550,animation
ts89550,drama
ts89550,fantasy
ts87563,action
ts87563,animation
ts87563,comedy
ts87563,scifi
ts87563,drama
ts87563,fantasy
ts84633,scifi
ts84633,action
ts84633,thriller
ts84633,drama
ts84633,fantasy
ts84633,horror
ts84633,animation
ts224068,scifi
ts224068,animation
ts224068,comedy
ts224068,fantasy
ts224165,scifi
ts224165,action
ts224165,drama
ts224165,fantasy
ts224165,animation
ts232804,family
ts232804,scifi
ts232804,thriller
ts232804,animation
ts232804,action
ts89560,drama
ts89560,music
ts89560,romance
ts89560,animation
ts87564,scifi
ts87564,fantasy
ts87564,romance
ts87564,animation
ts87564,action
ts217704,scifi
ts217704,fantasy
ts217704,animation
ts217704,comedy
ts217704,drama
ts217722,scifi
ts217722,fantasy
ts217722,animation
ts217722,comedy
ts217722,drama
ts225828,animation
ts225545,scifi
ts225545,sport
ts225545,animation
ts225545,action
ts225545,fantasy
ts226373,animation
ts226373,thriller
ts226373,crime
ts226373,history
ts84640,drama
ts84640,romance
ts84640,animation
ts225079,animation
ts225079,comedy
ts225079,drama
ts225079,romance
ts88363,comedy
ts88363,animation
ts88363,romance
ts216555,comedy
ts216555,animation
ts216555,romance
ts87375,scifi
ts87375,animation
ts87375,action
ts87375,comedy
ts87375,fantasy
ts222729,comedy
ts223380,scifi
ts223380,animation
ts223380,action
ts223380,comedy
ts223380,fantasy
ts221078,scifi
ts221078,romance
ts221078,animation
ts221078,action
ts221078,comedy
ts221078,fantasy
ts237364,action
ts255407,action
ts255407,scifi
ts255407,fantasy
ts255407,animation
ts86186,comedy
ts86186,drama
ts86186,romance
ts86186,animation
ts186408,animation
ts186408,comedy
ts186408,drama
ts186408,action
ts220153,scifi
ts220153,animation
ts220153,action
ts220153,fantasy
ts220153,romance
ts87471,scifi
ts87471,action
ts87471,drama
ts87471,animation
ts221923,scifi
ts102805,animation
ts102805,action
ts102805,drama
ts102805,fantasy
ts102805,history
ts102805,scifi
ts90314,scifi
ts90314,fantasy
ts90314,romance
ts90314,animation
ts90314,comedy
ts90314,drama
ts223258,comedy
ts223258,action
ts223258,scifi
ts223258,animation
ts223258,fantasy
ts86176,comedy
ts86176,drama
ts86176,animation
ts219171,comedy
ts219171,drama
ts219171,animation
ts213189,action
ts213189,scifi
ts213189,fantasy
ts213189,romance
ts213189,animation
ts213189,comedy
ts216707,crime
ts216707,action
ts89551,comedy
ts89551,animation
ts89551,sport
ts87763,action
ts87763,scifi
ts87763,animation
ts87763,fantasy
ts225675,comedy
ts225675,action
ts225675,scifi
ts225675,fantasy
ts225675,animation
ts222505,scifi
ts222505,comedy
ts222505,drama
ts222505,animation
ts222505,fantasy
ts222505,romance
ts225134,comedy
ts225134,action
ts225134,scifi
ts225134,fantasy
ts225134,romance
ts225134,animation
ts88954,animation
ts88954,comedy
ts88954,romance
ts217527,scifi
ts217527,fantasy
ts217527,animation
ts217527,action
ts217527,drama
ts255255,scifi
ts231077,animation
ts231077,comedy
ts231077,romance
ts220224,war
ts220224,scifi
ts220224,action
ts220224,animation
ts88669,scifi
ts88669,thriller
ts88669,animation
ts88669,drama
ts88985,comedy
ts88985,animation
ts88985,romance
ts222382,scifi
ts222382,action
ts222382,fantasy
ts222382,animation
ts218885,action
ts218885,scifi
ts218885,animation
ts218885,drama
ts218885,fantasy
ts225854,scifi
ts225854,drama
ts225854,fantasy
ts225854,animation
ts225854,action
ts240634,animation
ts240634,action
ts240634,scifi
ts224189,scifi
ts224189,action
ts237411,scifi
ts237411,animation
ts237411,drama
ts236553,scifi
ts236553,war
ts86387,scifi
ts225641,scifi
ts224204,scifi
ts85668,drama
ts85668,thriller
ts85668,animation
ts85668,horror
ts236728,drama
ts236728,action
ts236728,romance
ts236728,animation
ts251702,action
ts255514,comedy
ts255514,fantasy
ts255514,romance
ts236537,scifi
ts236537,animation
ts236537,fantasy
ts222891,drama
ts224648,scifi
ts224648,fantasy
ts224648,romance
ts224648,animation
ts224648,comedy
ts89562,scifi
ts89562,action
ts89562,animation
ts89562,drama
ts89562,fantasy
ts251363,comedy
ts225665,scifi
ts225665,action
ts225665,drama
ts225665,fantasy
ts225665,horror
ts225665,animation
ts219078,drama
ts219078,animation
ts219078,sport
ts187246,comedy
ts187246,drama
ts187246,fantasy
ts187246,scifi
ts187246,animation
ts187246,action
ts89552,scifi
ts89552,animation
ts89552,action
ts89552,fantasy
ts90371,scifi
ts90371,action
ts90371,drama
ts90371,war
ts90371,animation
ts216695,scifi
ts216695,action
ts216695,fantasy
ts216695,animation
ts216695,comedy
ts216695,drama
ts221718,animation
ts221718,comedy
ts221718,drama
ts221718,romance
ts90312,animation
ts90312,comedy
ts90312,drama
ts90312,fantasy
ts223236,comedy
ts223236,animation
ts223236,drama
ts223236,fantasy
ts223236,romance
ts251712,comedy
ts251712,animation
ts222812,comedy
ts222812,drama
ts222812,animation
ts224909,action
ts224909,scifi
ts224909,animation
ts224909,fantasy
ts286384,comedy
ts286384,animation
ts286384,music
ts90309,action
ts90309,drama
ts90309,animation
ts90309,comedy
ts221850,thriller
ts221850,animation
ts87003,comedy
ts87003,animation
ts84641,scifi
ts84641,action
ts84641,animation
ts84641,drama
ts84641,fantasy
ts226464,action
ts226464,scifi
ts226464,animation
ts226464,fantasy
ts236900,comedy
ts236900,drama
ts236900,animation
ts236900,sport
ts89554,comedy
ts89554,animation
ts89554,drama
ts89554,romance
ts223219,action
ts223219,animation
ts223219,comedy
ts223219,drama
ts223219,fantasy
ts223219,romance
ts88978,drama
ts88978,animation
ts88978,romance
ts88978,sport
ts88978,reality
ts86890,scifi
ts86890,animation
ts86890,action
ts86890,fantasy
ts88982,scifi
ts88982,animation
ts88982,comedy
ts88982,fantasy
ts88982,romance
ts222360,action
ts222360,animation
ts222360,scifi
ts222360,fantasy
ts217583,scifi
ts88999,comedy
ts88999,fantasy
ts88999,animation
ts224775,thriller
ts224775,animation
ts224775,crime
ts224775,drama
ts236710,animation
ts236710,comedy
ts86183,animation
ts86183,comedy
ts86183,romance
ts88446,scifi
ts88446,animation
ts88446,comedy
ts88446,fantasy
ts88446,music
ts88981,comedy
ts88981,animation
ts87468,animation
ts87468,fantasy
ts86700,action
ts88998,animation
ts217605,comedy
ts217605,animation
ts217605,drama
ts217594,action
ts217594,animation
ts217594,fantasy
ts249933,animation
ts249933,thriller
ts249933,fantasy
ts249933,horror
ts89212,animation
ts87519,comedy
ts87519,animation
ts87519,drama
ts217479,comedy
ts217479,history
ts217479,animation
ts217703,animation
ts88971,comedy
ts88971,animation
ts88971,drama
ts84638,action
ts84638,scifi
ts84638,animation
ts84638,comedy
ts84638,romance
ts88996,animation
ts89991,animation
ts84968,action
ts84968,animation
ts221689,animation
ts89577,comedy
ts89577,animation
ts89577,sport
ts221663,animation
ts223490,comedy
ts223490,animation
ts89557,animation
ts242952,action
ts242952,fantasy
ts242952,animation
ts221309,animation
ts221309,drama
ts221309,music
ts253367,animation
ts85646,scifi
ts85646,animation
ts85646,comedy
ts85646,fantasy
ts85646,romance
ts254167,animation
ts84652,comedy
ts84652,drama
ts84652,animation
ts84652,romance
ts84652,music
ts221300,animation
ts221300,comedy
ts222695,comedy
ts222695,animation
ts86181,animation
ts86181,action
ts86181,fantasy
ts84635,animation
ts84635,action
ts223648,action
ts223648,scifi
ts223648,drama
ts223648,family
ts223648,fantasy
ts223648,animation
ts88987,animation
ts88987,drama
ts88987,sport
ts216452,romance
ts216452,animation
ts216452,comedy
ts216452,fantasy
ts216452,scifi
ts88341,action
ts88341,animation
ts217603,scifi
ts217603,comedy
ts223789,animation
ts218633,animation
ts89211,scifi
ts89211,romance
ts89211,animation
ts89211,comedy
ts84653,scifi
ts84653,action
ts84653,animation
ts84992,drama
ts84992,scifi
ts84992,fantasy
ts84992,animation
ts86184,scifi
ts86184,comedy
ts86184,fantasy
ts86184,animation
ts223253,comedy
ts223253,animation
ts236400,comedy
ts236400,sport
ts236400,animation
ts268585,action
ts86178,animation
ts236963,animation
ts236963,comedy
ts236963,music
ts250796,comedy
ts250796,animation
ts283022,action
ts283022,comedy
ts283022,drama
ts283022,thriller
ts283022,animation
ts86068,scifi
ts86068,drama
ts86068,thriller
ts86068,crime
ts86068,animation
ts86068,action
ts265144,scifi
ts265144,action
ts265144,fantasy
ts265144,history
ts265144,animation
ts265144,comedy
ts286543,comedy
ts286543,drama
ts286543,romance
ts286543,animation
ts227439,scifi
ts249912,drama
ts249912,animation
ts249912,action
ts249912,crime
ts249912,scifi
ts271380,comedy
ts271380,animation
ts271380,crime
ts271380,drama
ts271380,thriller
ts286257,comedy
ts254486,animation
ts283078,scifi
ts283078,animation
ts283078,action
ts283078,fantasy
ts283078,romance
ts224077,action
ts224077,scifi
ts224077,drama
ts224077,fantasy
ts224077,animation
ts287000,action
ts287000,scifi
ts326566,comedy
ts254731,action
ts253340,drama
ts253340,action
ts253340,animation
ts314925,comedy
ts314925,drama
ts314925,animation
ts314925,sport
ts285780,action
ts285780,animation
ts285780,fantasy
ts285780,horror
ts285780,scifi
ts271378,action
ts271378,scifi
ts271378,animation
ts271378,drama
ts271378,music
ts271378,thriller
ts251033,comedy
ts251033,animation
ts251033,romance
ts285872,action
ts285872,scifi
ts285872,fantasy
ts285872,music
ts285872,animation
ts272932,scifi
ts256059,scifi
ts255541,scifi
ts237485,scifi
ts237485,action
ts237485,drama
ts237485,animation
ts237485,romance
ts257700,drama
ts257700,fantasy
ts257700,animation
ts257700,action
ts251544,action
ts251544,scifi
ts251544,fantasy
ts251544,animation
ts277386,animation
ts277386,action
ts277386,drama
ts277386,fantasy
ts277386,thriller
ts236473,action
ts236473,animation
ts236473,comedy
ts236473,fantasy
ts236473,horror
ts236473,scifi
ts269030,scifi
ts269030,drama
ts269030,action
ts225823,scifi
ts225823,action
ts237291,scifi
ts285023,scifi
ts285023,action
ts289859,scifi
ts289859,animation
ts289859,action
ts289859,fantasy
ts273441,scifi
ts273441,action
ts287274,scifi
ts287274,action
ts268460,comedy
ts223383,comedy
ts318255,sport
ts318255,animation
ts318255,comedy
ts318255,drama
ts300001,scifi
ts300001,animation
ts300001,comedy
ts300001,fantasy
ts225650,action
ts225650,scifi
ts254340,action
ts254340,animation
ts254340,drama
ts254340,history
ts254340,romance
ts254340,war
ts286865,comedy
ts286865,drama
ts286865,fantasy
ts286865,animation
ts311031,scifi
ts311031,animation
ts311031,action
ts314633,action
ts286936,scifi
ts286936,action
ts306260,comedy
ts306260,drama
ts306260,animation
ts225122,scifi
ts225122,animation
ts225122,comedy
ts225122,action
ts225122,fantasy
ts235591,scifi
ts272271,scifi
ts272271,action
ts272271,fantasy
ts272271,animation
ts268843,drama
ts270159,scifi
ts223396,scifi
ts223396,action
ts314532,drama
ts314532,animation
ts314532,sport
ts261530,animation
ts261530,sport
ts271639,drama
ts251542,drama
ts311655,animation
ts311655,action
ts311655,scifi
ts285174,action
ts285174,animation
ts285174,scifi
ts268280,action
ts268280,animation
ts272152,scifi
ts227438,scifi
ts227438,fantasy
ts227438,animation
ts227438,action
ts227438,comedy
ts250829,action
ts269386,action
ts269386,scifi
ts304619,comedy
ts304619,romance
ts304619,animation
ts255909,animation
ts255909,thriller
ts255909,fantasy
ts237360,scifi
ts317269,animation
ts286322,scifi
ts286322,animation
ts286322,comedy
ts286322,fantasy
ts286517,action
ts286517,scifi
ts251111,animation
ts270987,comedy
ts270987,drama
ts306013,scifi
ts306013,action
ts306013,comedy
ts306013,fantasy
ts306013,animation
ts254326,scifi
ts254326,comedy
ts269508,action
ts269508,animation
ts269508,romance
ts269508,thriller
ts225135,drama
ts225135,comedy
ts225135,romance
ts225135,animation
ts223360,scifi
ts224456,comedy
ts224456,animation
ts224456,romance
ts237827,scifi
ts271399,drama
ts289312,scifi
ts249927,scifi
ts225667,scifi
ts225667,action
ts225667,animation
ts225668,action
ts225668,scifi
ts225668,fantasy
ts225668,animation
ts225668,comedy
ts304489,action
ts251767,drama
ts287030,scifi
ts287030,fantasy
ts287030,animation
ts287030,comedy
ts268936,animation
ts255308,comedy
ts280992,romance
ts280992,animation
ts280992,comedy
ts280992,drama
ts277823,comedy
ts277823,family
ts277823,fantasy
ts277823,animation
ts277823,action
ts256192,action
ts256192,scifi
ts316284,action
ts316284,fantasy
ts316284,animation
ts285028,action
ts285028,scifi
ts285028,animation
ts285028,drama
ts285028,fantasy
ts266630,action
ts266630,scifi
ts266630,thriller
ts266630,animation
ts266630,crime
ts266630,drama
ts218796,scifi
ts218796,animation
ts218796,action
ts218796,crime
ts218796,romance
ts314720,comedy
ts314720,animation
ts314720,sport
ts251662,comedy
ts260304,scifi
ts260304,thriller
ts260304,animation
ts260304,fantasy
ts260304,horror
ts267763,action
ts249499,scifi
ts249499,animation
ts249499,action
ts249499,fantasy
ts272294,action
ts272294,animation
ts272294,fantasy
ts272294,history
ts249905,drama
ts254785,animation
ts253411,action
ts253411,animation
ts253411,scifi
ts274718,action
ts274718,comedy
ts274718,scifi
ts274718,animation
ts225165,scifi
ts272460,action
ts272460,animation
ts272460,fantasy
ts253384,comedy
ts236092,animation
ts236092,drama
ts236092,comedy
ts223694,action
ts223694,scifi
ts223694,animation
ts223694,fantasy
ts252949,comedy
ts252949,drama
ts267874,comedy
ts267874,animation
ts268254,comedy
ts285889,comedy
ts285889,animation
ts255190,comedy
ts255190,animation
ts255190,music
